category,total_revenue,avg_order_value,number_of_orders
Books,89037.855,514.6696820809249,165
Clothing,46243.84,486.7772631578947,93
Electronics,45465.415,541.2549404761905,81
Home,56140.53,501.2547321428571,106
Sports,33905.26,498.60676470588237,67
