order_year_month,total_revenue
2024-03,13473.675
2024-04,10836.405
2024-05,17454.775
2024-06,8337.07
2024-07,9350.119999999999
2024-08,18647.09
2024-09,13594.8
2024-10,18349.4
2024-11,10523.19
2024-12,9548.795
2025-01,18298.86
2025-02,9918.065
2025-03,10403.325
2025-04,12710.210000000001
2025-05,15981.27
2025-06,10725.82
2025-07,15407.785
2025-08,13785.06
2025-09,9229.3
2025-10,14996.68
2025-11,10047.965
2025-12,18982.38
2026-01,13336.85
2026-02,10074.375
2026-03,598.3
