region,number_of_orders,total_revenue,average_revenue_per_customer
East,44,21439.365,487.2582954545455
North,112,59141.035,528.0449553571428
South,53,29201.435,550.9704716981132
West,51,29826.295000000002,584.8293137254902
